{
  "floorplan": "c1basement1.png",
  "lightdata": [
    {
      "name": "1.4.43",
      "pos": {
        "x": -39.231367836453444,
        "y": 2.6100185323363737e-15,
        "z": -11.754478489660181
      }
    },
    {
      "name": "1.4.44",
      "pos": {
        "x": -40.105705885720994,
        "y": 1.578135387069523e-16,
        "z": -8.71072899411465
      }
    }
  ]
}